CALLS,,PUTS
,OI,CHNG IN OI,VOLUME,IV,LTP,CHNG,BID QTY,BID,ASK,ASK QTY,STRIKE,BID QTY,BID,ASK,ASK QTY,CHNG,LTP,IV,VOLUME,CHNG IN OI,OI,
,1,-,-,-,"8,000.00",-,870,"11,169.80","13,910.70",870,"43,000.00",120,71.00,74.00,30,-137.05,71.00,38.96,126,-34,198,
,-,-,-,-,-,-,900,"10,263.85","13,358.35",870,"43,500.00","8,070",20.50,-,-,-,-,-,-,-,-,
,15,-,-,-,"8,716.35",-,870,"10,413.65","12,698.25",870,"44,000.00","73,800",25.45,-,-,-,51.00,-,-,-,1,
,-,-,-,-,-,-,900,"9,361.30","12,367.95",870,"44,500.00","23,940",21.50,-,-,-,-,-,-,-,-,
,-,-,-,-,-,-,870,"9,090.95","11,934.10",870,"45,000.00",30,100.00,108.00,60,-149.40,101.50,35.54,362,44,56,
,-,-,-,-,-,-,900,"9,114.95","12,040.80",870,"45,300.00",90,19.20,-,-,-,-,-,-,-,-,
,-,-,-,-,-,-,900,"9,029.45","11,931.00",870,"45,400.00",900,0.15,-,-,-,-,-,-,-,-,
,-,-,-,-,-,-,900,"8,904.15","11,822.40",870,"45,500.00","15,000",24.15,-,-,-,-,-,-,-,-,
,-,-,-,-,-,-,870,"8,809.65","11,664.35",870,"45,600.00",900,0.15,-,-,-,-,-,-,-,-,
,-,-,-,-,-,-,870,"8,704.15","11,396.00",870,"45,700.00",900,0.15,-,-,-,-,-,-,-,-,
,-,-,-,-,-,-,870,"8,596.05","11,402.65",870,"45,800.00",900,0.15,-,-,-,-,-,-,-,-,
,-,-,-,-,-,-,900,"8,646.90","11,290.40",870,"45,900.00",900,0.15,-,-,-,-,-,-,-,-,
,76,-,-,-,"7,446.90",-,210,"8,747.95","10,615.75",870,"46,000.00",30,125.00,-,-,-279.80,124.00,33.94,837,-124,72,
,-,-,-,-,-,-,900,"8,456.50","11,126.10",870,"46,100.00",120,0.20,-,-,-,-,-,-,-,-,
,-,-,-,-,-,-,870,"8,355.10","10,702.80",870,"46,200.00",900,0.15,-,-,-,-,-,-,-,-,
,-,-,-,-,-,-,900,"8,263.30","10,612.65",870,"46,300.00",900,0.15,-,-,-,-,-,-,-,-,
,-,-,-,-,-,-,900,"8,160.70","10,500.25",870,"46,400.00",900,0.15,-,-,-,-,-,-,-,-,
,108,-,-,-,"5,000.00",-,270,"8,338.80","10,060.85",90,"46,500.00",30,134.00,176.45,870,-328.25,140.00,33.29,90,-29,100,
,-,-,-,-,-,-,900,"7,306.60","10,556.65",870,"46,600.00",900,0.15,-,-,-,-,-,-,-,-,
,-,-,-,-,-,-,870,"7,226.30","10,449.15",870,"46,700.00",900,0.10,-,-,-,-,-,-,-,-,
,-,-,-,-,-,-,900,"7,117.65","10,119.50",870,"46,800.00",900,0.15,-,-,-,-,-,-,-,-,
,-,-,-,-,-,-,870,"6,998.20","10,025.25",870,"46,900.00",900,0.15,-,-,-,-,-,-,-,-,
,23,1,1,-,"8,385.00","2,253.00",870,"7,769.80","9,565.00",870,"47,000.00",30,160.00,170.00,30,-357.90,160.05,32.72,565,-44,439,
,-,-,-,-,-,-,870,"7,609.80","10,155.45",870,"47,100.00",900,0.15,-,-,-,-,-,-,-,-,
,-,-,-,-,-,-,870,"7,457.95","9,894.80",870,"47,200.00",900,1.05,-,-,-,-,-,-,-,-,
,-,-,-,-,-,-,870,"7,382.30","9,410.70",870,"47,300.00",900,1.15,-,-,-,-,-,-,-,-,
,-,-,-,-,-,-,900,"7,328.15","9,711.75",870,"47,400.00",900,2.15,-,-,-,-,-,-,-,-,
,14,-,-,-,"6,043.95",-,870,"7,207.35","9,357.65",870,"47,500.00","21,600",44.65,-,-,-,-,-,-,-,-,
,-,-,-,-,-,-,30,"8,140.65","9,486.55",870,"47,600.00",-,-,-,-,-,-,-,-,-,-,
,-,-,-,-,-,-,90,"8,134.15","9,349.30",870,"47,700.00",-,-,-,-,-,-,-,-,-,-,
,-,-,-,-,-,-,870,"6,965.25","9,236.25",870,"47,800.00",-,-,-,-,-,-,-,-,-,-,
,-,-,-,-,-,-,900,"6,882.15","9,134.35",870,"47,900.00",-,-,-,-,-,-,-,-,-,-,
,75,-5,8,-,"7,911.00","3,124.40",900,"6,841.65","8,578.80",870,"48,000.00","16,740",56.40,-,-,-,-,-,-,-,-,
,-,-,-,-,-,-,870,"6,808.00","8,944.15",870,"48,100.00",-,-,-,-,-,-,-,-,-,-,
,-,-,-,-,-,-,870,"6,718.30","8,590.40",870,"48,200.00",-,-,-,-,-,-,-,-,-,-,
,-,-,-,-,-,-,870,"6,619.30","8,706.10",870,"48,300.00",-,-,-,-,-,-,-,-,-,-,
,-,-,-,-,-,-,870,"6,530.70","8,553.10",870,"48,400.00",600,59.95,-,-,-,-,-,-,-,-,
,2,-1,1,-,"7,100.00","1,750.00",900,"7,481.60","8,336.70",390,"48,500.00",60,141.10,261.80,60,-520.60,211.05,30.09,345,-131,398,
,-,-,-,-,-,-,870,"6,267.10","8,272.35",870,"48,600.00",600,66.30,-,-,-,-,-,-,-,-,
,-,-,-,-,-,-,870,"6,205.90","8,119.70",870,"48,700.00",600,69.75,-,-,-,-,-,-,-,-,
,-,-,-,-,-,-,870,"6,098.95","7,967.40",870,"48,800.00",-,-,-,-,-,-,-,-,-,-,
,-,-,-,-,-,-,870,"6,033.40","7,817.50",870,"48,900.00",-,-,-,-,-,-,-,-,-,-,
,20,-4,4,-,"7,050.00","2,343.10",30,"7,254.60","7,695.60",870,"49,000.00",60,168.15,299.80,60,-577.25,245.10,29.63,"1,277",212,"1,328",
,-,-,-,-,-,-,870,"5,816.30","7,519.35",120,"49,100.00",-,-,-,-,-,-,-,-,-,-,
,-,-,-,-,-,-,870,"5,814.05",-,-,"49,200.00",-,-,-,-,-,-,-,-,-,-,
,-,-,-,-,-,-,870,"5,720.80",-,-,"49,300.00",-,-,-,-,-,-,-,-,-,-,
,2,-,-,-,"3,207.75",5.65,900,"5,654.00",-,-,"49,400.00",-,-,-,-,-,-,-,-,-,-,
,1,-2,2,-,"6,102.50","1,652.50",90,"6,676.20","7,340.95",870,"49,500.00",60,190.75,291.35,30,-632.45,281.65,29.09,396,-44,665,
,3,-,-,-,"3,063.85",1.30,900,"5,469.85",-,-,"49,600.00","3,000",136.25,-,-,-,-,-,-,-,-,
,-,-,-,-,-,-,870,"5,338.90",-,-,"49,700.00",-,-,-,-,-,-,-,-,-,-,
,2,-,-,-,"3,071.25",-,870,"5,217.05",-,-,"49,800.00",-,-,-,-,-,-,-,-,-,-,
,-,-,-,-,-,-,900,"5,145.20",-,-,"49,900.00",-,-,-,-,-,"1,180.00",-,-,-,1,
,152,-3,96,20.34,"6,438.20","2,339.50",300,"6,356.10","6,587.60",30,"50,000.00",120,318.00,319.00,90,-710.15,320.00,28.47,"3,910",534,"2,085",
,-,-,-,-,-,-,900,"4,893.55",-,-,"50,100.00",-,-,-,-,-,-,-,-,-,-,
,38,-1,5,20.61,"6,258.10","2,277.25",30,"6,062.75","6,796.85",870,"50,200.00",-,-,-,-,-,-,-,-,-,-,
,-,-,-,-,-,-,870,"4,776.05",-,-,"50,300.00",-,-,840.00,90,25.55,"1,188.90",-,-,-,38,
,4,-,-,-,"3,633.85",-,870,"4,771.45",-,-,"50,400.00",-,-,-,-,-,-,-,-,-,-,
,51,-,8,-,"5,475.00","1,671.05",30,"4,675.90","6,423.20",30,"50,500.00","1,980",267.15,-,-,-,-,-,-,-,-,
,24,-,-,-,"3,603.00",-,870,"4,581.00","6,304.60",870,"50,600.00",-,-,-,-,-,-,-,-,-,-,
,13,-,-,-,"3,569.35",-,900,"4,410.95","6,246.40",300,"50,700.00",-,-,-,-,-,-,-,-,-,-,
,20,-,1,-,"5,482.95","2,037.10",30,"5,445.30","5,986.20",870,"50,800.00",-,-,486.00,30,-0.45,"1,275.15",-,-,-,37,
,23,-,-,-,"3,157.25",-,30,"4,209.30","5,955.45",150,"50,900.00",30,390.00,438.70,60,-855.70,438.30,28.13,177,6,52,
,415,-80,154,20.59,"5,529.00","2,102.25",240,"5,461.60","5,696.05",30,"51,000.00",180,404.00,414.45,60,-876.45,412.00,27.19,"2,181",-150,994,
,26,-,-,-,"3,181.25",-,900,"4,136.30",-,-,"51,100.00",600,269.50,-,-,-,"1,732.25",-,-,-,37,
,31,-1,1,-,"5,106.80","2,139.35",900,"3,987.30","5,751.45",870,"51,200.00",-,-,513.80,60,-920.10,435.50,26.98,85,-6,53,
,28,-5,14,-,"5,060.85","1,913.55",30,"3,907.65","5,874.45",870,"51,300.00","1,200",301.60,-,-,-21.20,"1,414.10",-,-,-,80,
,29,-1,1,21.29,"5,200.00","2,072.65",30,"4,970.15","5,854.55",870,"51,400.00","1,200",318.75,450.00,30,-62.90,"1,441.25",-,-,-,48,
,124,-74,104,17.84,"4,998.40","1,977.45",60,"4,922.30","5,968.65",30,"51,500.00",30,430.05,603.00,60,-974.45,466.60,26.54,"1,029",263,541,
,29,-12,12,-,"4,635.65","1,785.65",900,"3,646.80","5,430.50",870,"51,600.00",600,355.25,-,-,-,"1,936.00",-,-,-,61,
,36,-6,10,20.22,"4,900.05","2,108.25",900,"3,611.10","5,191.70",870,"51,700.00",-,-,567.50,300,"-1,070.30",622.00,28.79,1,-,76,
,45,-6,10,20.92,"4,841.75","2,319.90",30,"4,642.80","5,072.35",870,"51,800.00",-,-,560.00,300,-,"1,663.20",-,-,-,42,
,23,-10,21,18.31,"4,656.25","1,871.50",30,"4,551.45","5,065.20",870,"51,900.00",-,-,581.15,60,"-1,030.90",531.05,26.31,19,-13,33,
,"1,511",-525,998,20.67,"4,661.70","1,947.85",30,"4,657.05","4,710.00",30,"52,000.00",30,525.15,534.95,60,"-1,065.15",533.70,25.97,"3,083",62,"1,730",
,40,-5,8,15.27,"4,382.80","1,745.55",60,"4,379.65","4,879.70",930,"52,100.00",-,-,599.95,60,"-1,183.45",560.75,26.09,6,-6,54,
,38,-3,6,18.92,"4,419.30","1,898.90",30,"4,300.45","4,756.25",870,"52,200.00",-,-,628.20,60,"-1,090.20",570.10,25.88,9,-3,38,
,53,-6,10,19.78,"4,371.30","2,511.10",60,"4,239.30","4,724.20",870,"52,300.00",30,396.20,661.20,30,"-1,141.05",573.60,25.55,64,-24,35,
,32,-1,2,17.30,"4,183.50","1,726.80",30,"4,114.90","4,580.70",870,"52,400.00",-,-,663.80,30,"-1,149.15",589.10,25.44,53,-15,39,
,284,-124,227,21.16,"4,271.95","1,876.20",120,"4,063.90","4,375.50",60,"52,500.00",60,557.75,607.65,30,"-1,179.40",598.70,25.21,744,-42,429,
,26,-31,42,14.16,"3,898.50","1,565.75",30,"2,929.45","4,749.55",30,"52,600.00",-,-,779.20,60,"-1,269.65",620.35,25.19,98,-28,42,
,42,-5,24,19.25,"4,016.10","1,754.10",120,"3,900.10","4,448.80",30,"52,700.00",-,-,743.75,240,"-1,365.35",743.75,26.87,23,-1,58,
,115,-21,33,15.01,"3,750.00","1,496.05",900,"2,518.75","4,316.00",870,"52,800.00",-,-,764.35,"2,040","-1,387.65",767.70,26.84,13,-4,63,
,28,-11,20,-,"3,470.90","1,281.15",90,"3,731.30","4,656.80",870,"52,900.00",30,655.60,712.70,60,"-1,210.15",744.35,26.04,34,-6,64,
,655,-363,617,20.79,"3,856.30","1,746.90",120,"3,801.80","3,856.30",90,"53,000.00",30,680.00,686.75,30,"-1,301.55",681.90,24.60,"1,634",375,889,
,28,-13,16,16.29,"3,547.15","1,464.00",60,"2,420.30","4,084.25",60,"53,100.00",-,-,938.05,60,"-1,389.80",752.20,25.33,27,-5,57,
,37,-19,27,18.90,"3,596.90","1,600.70",30,"3,502.00","3,892.90",60,"53,200.00",-,-,954.45,60,"-1,261.25",793.45,25.55,36,-29,47,
,115,-5,8,18.82,"3,514.20","1,580.95",60,"2,248.95","4,579.30",900,"53,300.00",-,-,963.90,60,"-1,485.85",759.60,24.59,12,-8,36,
,26,-14,14,14.87,"3,232.70","1,334.15",900,"2,234.20",-,-,"53,400.00",-,-,978.65,870,-,"2,238.35",-,-,-,59,
,214,-160,272,19.87,"3,421.55","1,583.15",60,"3,258.10","3,639.25",60,"53,500.00",30,750.05,848.20,60,"-1,426.35",777.50,24.01,568,89,248,
,35,-32,43,16.46,"3,150.65","1,752.50",60,"3,209.85","3,699.35",60,"53,600.00",60,675.65,"1,009.70",30,"-1,540.10",825.00,24.30,20,-7,53,
,137,-,-,-,"1,764.95",-,-,-,"3,509.15",270,"53,700.00",60,697.40,878.95,30,"-1,662.45",825.55,23.87,207,-12,53,
,143,-,-,-,"1,520.00",-,-,-,"3,891.65",300,"53,800.00",60,713.05,"1,039.15",60,"-1,482.65",852.00,23.82,71,-3,47,
,33,-,-,-,"1,555.20",-,-,-,"3,520.40",240,"53,900.00",60,736.55,"1,065.65",60,"-1,482.00",920.25,24.38,171,-8,64,
,"1,111",-533,997,19.92,"3,060.00","1,470.95",30,"3,048.05","3,098.95",30,"54,000.00",60,872.65,892.70,60,"-1,541.80",898.65,23.61,"2,734",-24,"1,242",
,36,4,15,21.07,"3,067.05","1,712.05",30,"2,804.65","3,695.35",390,"54,100.00",-,-,"1,230.30",60,"-1,534.80",921.00,23.47,16,-,48,
,23,-2,3,18.77,"2,843.05","1,441.05",60,"2,739.60","3,952.05",330,"54,200.00",-,-,"1,282.75",300,-,"2,537.50",-,-,-,41,
,17,-2,13,18.06,"2,726.30","1,283.05",30,"2,698.50","3,071.90",30,"54,300.00",-,-,-,-,-,"2,921.95",-,-,-,31,
,64,-,-,-,"1,193.45",-,-,-,"2,997.05",300,"54,400.00",-,-,"1,162.55",300,-,"2,963.90",-,-,-,18,
,153,-25,622,19.48,"2,685.70","1,332.15",60,"2,593.50","2,783.50",30,"54,500.00",30,"1,010.05","1,034.95",60,"-1,839.95","1,010.05",22.85,658,180,346,
,21,-2,15,18.90,"2,578.90","1,291.55",30,"2,495.80","2,841.60",30,"54,600.00",60,661.00,"1,101.20",60,"-2,059.95","1,016.85",22.46,119,18,62,
,79,48,176,19.04,"2,522.85","1,216.95",60,"2,432.15","2,766.70",60,"54,700.00",60,895.15,"1,232.45",60,"-2,409.20","1,147.65",23.75,66,22,52,
,81,43,95,16.25,"2,258.70","1,099.75",30,"2,368.00","2,785.80",870,"54,800.00",60,933.55,"1,282.80",60,"-2,046.50","1,140.85",23.16,165,86,112,
,41,-22,208,19.58,"2,433.70","1,317.20",30,"2,314.40","2,610.65",30,"54,900.00",60,739.90,"1,251.55",60,"-2,102.40","1,134.95",22.58,200,87,101,
,"2,893",114,"4,265",19.51,"2,366.00","1,228.40",30,"2,340.00","2,366.00",30,"55,000.00",30,"1,150.00","1,167.00",60,"-1,791.55","1,163.85",22.45,"2,236",678,"1,098",
,60,38,184,18.82,"2,252.20","1,703.35",300,"1,124.15","2,732.15",300,"55,100.00",30,"1,143.00","1,265.25",60,"-2,182.70","1,181.00",22.16,92,47,56,
,70,30,68,18.59,"2,173.40","1,116.25",30,"1,057.15","2,685.00",30,"55,200.00",30,"1,202.35","1,349.95",30,"-1,849.85","1,222.35",22.19,210,69,76,
,74,49,402,19.00,"2,145.00","1,159.70",30,"1,799.25","2,311.80",30,"55,300.00",60,"1,063.35","1,544.45",60,"-2,959.20","1,253.95",22.07,100,61,68,
,80,49,327,18.93,"2,080.35","1,109.00",30,"1,891.15","2,610.05",60,"55,400.00",30,"1,064.55","1,477.60",300,"-2,237.35","1,306.15",22.21,135,70,77,
,412,191,"1,095",18.90,"2,020.00","1,092.90",60,"2,001.10","2,034.00",30,"55,500.00",30,"1,300.00","1,363.15",60,"-1,972.50","1,300.85",21.60,794,239,347,
,69,31,219,18.73,"1,949.20","1,162.35",60,"1,671.00","2,141.60",60,"55,600.00",60,"1,335.95","1,513.10",60,"-3,778.05","1,335.95",21.50,133,51,57,
,61,32,161,18.68,"1,889.00","1,009.05",60,"1,709.65","2,381.25",60,"55,700.00",60,"1,074.95","1,547.40",60,"-2,307.45","1,397.70",21.73,135,59,69,
,78,-2,149,15.85,"1,611.30",851.30,60,"1,799.60","2,017.35",60,"55,800.00",60,941.65,"2,163.85",300,"-2,849.50","1,422.00",21.47,90,41,48,
,63,34,110,18.51,"1,766.35","1,186.25",60,"1,265.95","2,140.00",60,"55,900.00",60,"1,154.90","1,632.20",60,"-2,365.00","1,485.15",21.69,134,50,53,
,"1,218",-268,"3,262",18.31,"1,697.25",916.55,60,"1,650.85","1,720.65",30,"56,000.00",30,"1,492.50","1,506.35",60,"-2,045.00","1,503.00",21.33,962,295,504,
,80,19,90,18.48,"1,658.65",870.65,30,"1,320.20","1,843.05",60,"56,100.00",60,"1,322.80","1,617.60",60,"-2,394.40","1,570.60",21.59,144,76,80,
,61,16,125,18.41,"1,602.00",916.05,60,"1,043.25","1,790.20",60,"56,200.00",60,"1,088.20","1,770.10",60,"-3,435.30","1,584.55",21.16,73,33,44,
,72,21,102,18.91,"1,592.75",880.35,60,"1,211.85","1,592.70",210,"56,300.00",60,"1,390.00","1,816.75",60,"-2,477.70","1,625.20",21.05,144,67,70,
,63,7,96,17.94,"1,465.05",808.55,60,"1,476.60","1,687.45",60,"56,400.00",-,-,"1,852.80",60,"-2,383.15","1,662.15",20.89,127,73,91,
,564,41,937,18.03,"1,425.00",809.70,60,"1,415.05","1,436.10",60,"56,500.00",60,"1,555.50","1,790.80",60,"-3,003.65","1,723.10",21.01,306,123,171,
,57,2,2,17.61,"1,344.00",766.45,60,"1,050.05","2,350.00",60,"56,600.00",-,-,"2,470.20",60,"-2,485.10","1,822.35",21.60,5,5,13,
,51,-,-,-,543.70,-1.80,30,"1,000.05","1,600.00",30,"56,700.00",30,"1,215.95","2,554.70",30,"-4,171.40","1,843.40",21.21,27,22,27,
,60,-,-,-,520.35,1.45,30,520.35,"1,600.00",30,"56,800.00",60,"1,565.95","2,582.80",30,"-3,586.30","1,854.50",20.68,61,44,48,
,164,74,220,17.57,"1,206.55",710.45,60,785.10,"1,417.40",60,"56,900.00",-,-,"2,623.25",60,"-2,434.00","1,966.00",21.39,6,6,15,
,"3,628",155,"4,171",17.65,"1,170.00",698.80,60,"1,156.25","1,174.00",30,"57,000.00",60,"1,821.45","1,954.70",60,"-2,305.35","1,941.35",20.39,841,21,"1,969",
,93,24,35,17.60,"1,124.90",663.35,60,831.50,"1,312.35",60,"57,100.00",-,-,"2,829.25",870,"-4,242.40","2,074.55",21.35,5,5,9,
,72,2,2,16.95,"1,033.00",604.65,60,672.75,"1,488.20",870,"57,200.00",-,-,"2,896.80",870,"-2,628.40","2,121.55",21.22,2,1,7,
,90,39,61,17.50,"1,036.80",618.85,60,675.10,"1,209.65",60,"57,300.00",-,-,"3,051.15",870,3.55,"6,403.90",-,-,-,6,
,97,46,68,17.30,982.90,633.75,60,958.55,"1,012.90",60,"57,400.00",-,-,"3,142.75",870,-,"6,631.85",-,-,-,6,
,650,317,"1,587",17.23,940.10,556.15,60,939.10,956.90,60,"57,500.00",60,"2,109.45","2,254.70",30,"-2,430.70","2,199.30",19.97,58,31,284,
,70,26,73,16.91,879.35,529.20,30,880.05,"1,195.45",60,"57,600.00",-,-,"3,343.75",870,4.70,"6,942.15",-,-,-,6,
,113,42,152,17.17,864.85,519.75,60,593.15,"1,019.00",60,"57,700.00",-,-,"3,257.80",870,"-4,261.00","2,474.10",21.91,1,1,8,
,118,31,268,17.09,824.35,484.35,60,756.05,834.00,60,"57,800.00",-,-,"3,379.30",870,-,"6,830.85",-,-,-,5,
,144,31,300,16.94,780.65,477.40,60,541.65,"1,500.00",30,"57,900.00",-,-,"3,404.90",870,4.75,"7,210.40",-,-,-,6,
,"4,246","2,294","6,350",16.89,745.00,446.45,60,734.05,749.40,60,"58,000.00",30,"2,259.85","2,519.60",30,"-2,485.05","2,514.95",19.98,"1,220",362,"2,971",
,69,12,92,16.96,719.20,445.95,60,491.75,750.00,30,"58,100.00",-,-,"3,573.70",870,-,"4,218.00",-,-,-,8,
,107,28,137,16.72,671.75,401.25,30,670.05,809.75,60,"58,200.00",-,-,"3,816.20",870,-,"4,219.80",-,-,-,8,
,85,-3,71,16.50,627.75,370.95,30,643.45,772.30,60,"58,300.00",-,-,"3,492.05",900,-,"6,600.00",-,-,-,6,
,89,26,126,16.53,602.00,360.85,30,602.05,840.20,60,"58,400.00",-,-,"4,004.30",870,-,"7,773.15",-,-,-,8,
,392,96,846,16.85,597.40,357.15,30,565.10,605.00,30,"58,500.00",30,"2,733.55","2,978.05",60,"-3,379.80","2,870.20",20.24,25,-2,258,
,67,-51,287,16.82,569.30,339.40,60,370.50,770.00,60,"58,600.00",-,-,-,-,3.05,"7,556.65",-,-,-,5,
,45,-10,115,16.56,526.65,329.50,60,346.85,731.30,60,"58,700.00",-,-,"4,208.90",870,-,"5,978.20",-,-,-,5,
,84,38,183,16.72,513.70,307.50,60,501.80,514.45,60,"58,800.00",390,"2,371.95","4,026.10",870,-,"5,598.05",-,-,-,3,
,44,2,158,16.62,483.95,288.35,60,314.60,662.40,60,"58,900.00",390,"2,403.35","4,534.15",870,-,"5,647.30",-,-,-,14,
,"1,580",481,"3,104",16.96,482.70,292.95,30,444.25,482.70,"1,740","59,000.00",-,-,"3,200.00",60,"-3,067.60","3,180.00",19.57,108,8,187,
,43,12,174,16.39,426.10,265.40,900,30.15,596.95,60,"59,100.00",-,-,"4,477.95",870,-,"6,107.90",-,-,-,11,
,49,9,140,16.39,405.25,232.80,60,265.05,566.25,60,"59,200.00",330,"2,674.40","4,579.15",870,-,"5,071.85",-,-,-,4,
,64,27,114,16.48,391.35,243.30,60,382.95,540.50,60,"59,300.00",-,-,"4,912.70",870,-,"5,112.00",-,-,-,15,
,219,11,205,16.18,355.05,112.05,60,365.65,-,-,"59,400.00",-,-,"4,705.00",870,-,"6,107.90",-,-,-,6,
,405,83,450,16.55,357.70,152.70,30,315.45,360.00,30,"59,500.00",30,"2,918.05","3,664.65",60,"-5,100.40","3,699.60",21.78,139,-5,211,
,26,-,-,-,143.65,-,30,150.80,-,-,"59,600.00",-,-,"5,128.20",870,-,"6,300.40",-,-,-,11,
,45,21,75,16.29,309.90,176.75,900,35.15,429.20,60,"59,700.00",-,-,"4,778.60",870,-,"6,368.55",-,-,-,5,
,69,31,89,16.41,300.00,44.60,60,208.55,394.95,60,"59,800.00",-,-,"5,165.35",870,-,"6,455.25",-,-,-,2,
,23,-,-,-,124.55,-,30,136.50,-,-,"59,900.00",-,-,"5,250.80",870,-,"6,565.00",-,-,-,2,
,"3,904",446,"6,772",16.56,277.35,153.65,30,277.15,277.35,450,"60,000.00",60,"3,905.15","4,007.50",60,"-2,808.75","3,981.35",20.09,306,88,435,
,29,-,-,-,113.75,-,30,114.00,-,-,"60,100.00",-,-,"5,478.40",870,-,"5,717.10",-,-,-,2,
,38,15,39,16.36,240.45,20.70,30,240.45,259.55,60,"60,200.00",-,-,"5,560.65",870,-,"7,428.60",-,-,-,10,
,24,-,-,-,211.60,-,720,102.05,-,-,"60,300.00",720,"3,661.70","5,484.10",870,-,"5,633.40",-,-,-,5,
,33,-,-,-,204.65,-,330,95.65,-,-,"60,400.00",-,-,"5,974.50",870,-,"7,991.60",-,-,-,20,
,89,18,41,16.44,207.20,107.20,60,198.45,210.00,30,"60,500.00",-,-,"5,294.15",60,"-3,800.00","4,500.00",22.12,51,23,83,
,23,-,-,-,190.15,-,390,88.65,-,-,"60,600.00",-,-,"6,189.90",870,-,"7,405.25",-,-,-,14,
,24,-,-,-,156.35,-,420,88.65,-,-,"60,700.00",-,-,"6,109.20",870,-,"8,360.10",-,-,-,12,
,21,-,-,-,175.55,-,360,85.65,536.00,30,"60,800.00",-,-,"6,252.30",870,-,"8,317.50",-,-,-,12,
,23,-,-,-,162.00,-,30,166.05,-,-,"60,900.00",-,-,"6,347.25",870,-,"7,396.60",-,-,-,6,
,"1,013",137,"1,414",16.63,163.00,79.40,30,152.00,170.00,30,"61,000.00",-,-,"4,932.75",30,"-3,360.00","4,830.00",20.54,40,-30,267,
,29,-,-,-,159.30,-,420,78.00,470.00,60,"61,100.00",-,-,"6,617.65",870,-,"8,733.60",-,-,-,11,
,21,-,-,-,140.70,-,420,75.00,-,-,"61,200.00",-,-,"6,200.40",870,-,"8,804.90",-,-,-,8,
,26,-,-,-,147.00,-,90,54.90,-,-,"61,300.00",-,-,"6,810.80",870,-,"7,759.10",-,-,-,4,
,15,-8,23,16.03,111.05,105.70,30,108.40,-,-,"61,400.00",870,"4,808.80","6,859.50",870,-,"6,667.60",-,-,-,3,
,166,14,63,16.76,126.00,-19.75,60,107.60,230.00,90,"61,500.00",870,"4,302.60","5,390.00",30,"-2,865.30","5,390.00",23.31,5,5,8,
,26,-,-,-,114.05,-,90,72.65,-,-,"61,600.00",870,"5,118.45","7,067.25",870,-,"6,857.30",-,-,-,3,
,21,-,-,-,132.00,-,90,85.00,-,-,"61,700.00","1,740","5,041.20","7,043.30",870,-,"6,951.45",-,-,-,2,
,8,-18,29,16.31,93.55,-9.35,30,72.20,200.00,30,"61,800.00",870,"5,132.45","7,293.25",870,-,"7,051.00",-,-,-,2,
,21,-4,12,16.77,99.75,-20.25,90,80.00,-,-,"61,900.00",870,"5,204.45","7,407.05",870,-,"7,146.40",-,-,-,3,
,"1,903",844,"3,506",16.80,94.65,38.00,30,93.10,97.60,30,"62,000.00",-,-,"5,855.40",30,"-3,400.00","5,800.00",22.93,12,-4,71,
,11,-15,32,16.47,81.20,-33.15,90,58.00,144.00,90,"62,100.00",870,"5,255.15","7,598.15",870,-,"7,339.75",-,-,-,2,
,9,-11,25,16.13,68.70,-47.70,30,55.90,141.10,90,"62,200.00",870,"5,345.95","7,708.50",870,-,"7,439.85",-,-,-,2,
,13,-4,28,16.63,75.10,-15.75,390,55.15,-,-,"62,300.00",870,"5,404.95","7,884.75",870,-,"7,536.90",-,-,-,2,
,13,-3,22,16.53,68.40,18.40,120,55.15,-,-,"62,400.00",870,"5,490.20","7,923.25",870,-,"7,634.05",-,-,-,2,
,29,8,59,17.48,84.60,51.60,30,68.00,84.00,120,"62,500.00",870,"5,584.10","7,182.50",870,"-3,082.55","6,200.00",21.93,59,58,61,
,16,-3,7,16.83,66.00,-17.10,90,50.15,85.00,60,"62,600.00",-,-,"8,172.90",870,-,"9,296.10",-,-,-,2,
,5,-12,19,16.30,52.20,-31.80,90,40.15,162.10,90,"62,700.00",870,"6,103.90","8,249.05",870,-,"9,390.50",-,-,-,2,
,21,-11,18,16.93,60.00,-24.00,90,37.80,198.00,300,"62,800.00","2,610","6,164.70","8,188.40",870,-,"9,484.15",-,-,-,2,
,45,-8,19,16.88,55.40,-29.60,30,55.45,125.00,60,"62,900.00",450,"6,003.30","8,278.10",870,-,"9,235.90",-,-,-,1,
,"1,459",122,997,17.65,66.00,22.55,240,63.05,66.80,90,"63,000.00",-,-,"7,906.25",870,-,"13,000.00",-,-,-,13,
,10,-13,34,16.78,47.15,-71.05,90,28.15,84.75,30,"63,100.00",360,"6,359.15","8,704.15",870,-,"9,783.35",-,-,-,1,
,36,19,53,16.97,47.10,-35.90,90,29.15,89.95,30,"63,200.00",360,"6,412.45","8,711.35",870,-,"9,865.35",-,-,-,2,
,13,-5,45,17.10,46.00,-73.25,60,30.15,124.00,90,"63,300.00",870,"6,474.95","8,916.75",870,-,"9,961.00",-,-,-,1,
,21,-,43,17.68,52.15,-64.80,90,27.15,112.20,90,"63,400.00",870,"6,537.55","9,041.75",870,-,"10,056.45",-,-,-,1,
,37,23,48,17.86,52.00,35.85,30,47.00,58.00,30,"63,500.00",360,"6,598.40","9,145.45",60,-,"10,151.40",-,-,-,2,
,26,-,1,18.40,57.85,-,90,30.15,79.40,90,"63,600.00",360,"6,661.90","9,250.10",870,-,"10,249.10",-,-,-,1,
,10,-,-,-,104.50,-,90,22.15,141.00,90,"63,700.00",360,"6,722.85","9,367.35",870,-,"10,342.90",-,-,-,1,
,24,10,10,17.38,36.75,-13.25,90,26.15,82.00,90,"63,800.00",120,"6,785.05","9,278.00",870,-,"10,438.40",-,-,-,1,
,26,9,9,17.66,38.00,-17.15,90,32.15,90.00,90,"63,900.00",360,"6,857.15","9,590.55",870,-,"10,549.50",-,-,-,1,
,254,39,401,18.63,49.00,18.05,900,41.00,48.95,90,"64,000.00",870,"6,858.80","9,514.20",60,"-2,750.00","7,700.00",26.08,1,-1,4,
,10,-,-,-,75.75,-,90,20.15,-,-,"64,100.00",870,"6,976.60","9,842.85",870,-,"10,727.50",-,-,-,1,
,24,14,18,17.74,32.20,-22.55,90,26.15,-,-,"64,200.00",870,"7,036.15","9,965.40",870,-,"10,822.75",-,-,-,1,
,6,-,-,-,52.15,-,90,15.15,-,-,"64,300.00",870,"7,190.90","10,140.05",870,-,"10,935.20",-,-,-,1,
,13,-,-,-,46.20,-,90,6.15,-,-,"64,400.00",870,"7,230.10","9,972.20",870,-,"11,016.25",-,-,-,1,
,28,20,36,18.67,37.00,-32.95,30,32.00,38.00,60,"64,500.00",870,"7,294.05","10,079.60",870,-,"11,127.60",-,-,-,1,
,11,-,-,-,64.95,-,90,13.15,59.95,90,"64,600.00",870,"7,347.85","10,404.20",870,-,"11,223.95",-,-,-,1,
,6,-,-,-,89.00,-,90,13.15,59.95,90,"64,700.00",870,"7,468.05","10,550.40",870,-,"11,320.55",-,-,-,1,
,25,-,-,-,51.65,-,90,13.15,59.95,90,"64,800.00",870,"7,510.45","10,643.10",870,-,"11,417.50",-,-,-,20,
,3,-,-,-,46.95,-,90,13.15,59.95,90,"64,900.00",870,"7,575.05","10,265.70",870,-,"11,514.05",-,-,-,20,
,629,246,771,19.08,31.45,5.45,150,31.40,31.50,30,"65,000.00",870,"7,683.35","9,834.15",300,-,"11,400.00",-,-,-,23,
,3,-,-,-,69.15,-,900,2.15,54.95,90,"65,100.00",870,"7,723.90","10,214.35",870,-,"10,464.85",-,-,-,20,
,-,-,-,-,-,-,900,2.15,-,-,"65,200.00",870,"7,811.00","10,542.30",870,-,"10,572.45",-,-,-,20,
,-,-,-,-,-,-,900,2.15,-,-,"65,300.00",870,"8,642.00","10,945.85",870,-,"10,673.30",-,-,-,17,
,-,-,-,-,-,-,900,2.15,-,-,"65,400.00",870,"8,757.40","10,731.00",870,-,"11,827.00",-,-,-,20,
,39,15,22,18.87,21.50,-4.15,90,22.50,26.00,60,"65,500.00",870,"8,852.90","10,420.55",870,-,"10,851.45",-,-,-,20,
,-,-,-,-,-,-,900,2.15,-,-,"65,600.00",870,"8,941.05","10,963.05",870,-,"10,948.45",-,-,-,20,
,-,-,-,-,-,-,900,2.15,39.95,90,"65,700.00",870,"9,048.15","10,999.35",870,-,"11,045.75",-,-,-,20,
,6,-,-,-,48.00,-,900,2.15,39.95,90,"65,800.00",870,"9,121.65","11,091.20",870,-,"11,153.90",-,-,-,20,
,7,-,-,-,47.95,-,900,2.15,39.95,90,"65,900.00",870,"9,209.10","11,208.50",870,-,"11,256.00",-,-,-,20,
,151,-,-,-,19.10,-,90,19.15,38.85,600,"66,000.00",870,"9,310.80","10,937.00",870,"-1,522.10","9,800.00",34.14,57,39,57,
,-,-,-,-,-,-,900,2.15,-,-,"66,100.00",870,"9,418.15","11,228.50",870,-,"11,446.20",-,-,-,12,
,-,-,-,-,-,-,930,2.15,-,-,"66,200.00",870,"9,364.50","12,189.95",870,-,"12,024.15",-,-,-,21,
,4,-,-,-,29.25,-,90,13.20,23.40,60,"66,500.00",870,"9,688.95","11,479.00",870,-,"11,193.35",-,-,-,19,
,5,-,-,-,20.00,-,90,11.65,19.00,120,"67,000.00",870,"10,122.60","14,134.30",870,-,-,-,-,-,-,
,-,-,-,-,-,-,90,11.35,-,-,"67,500.00",870,"10,556.70","15,461.00",870,-,"12,130.65",-,-,-,19,
,99,28,40,22.46,18.90,-2.95,90,13.15,18.75,300,"68,000.00",870,"11,143.75","15,096.60",870,-,-,-,-,-,-,
,56,-9,18,22.52,14.85,-4.55,60,11.25,17.80,120,"68,500.00",870,"11,628.70","15,462.30",870,-,-,-,-,-,-,
